prodotto_id,rank,anno,mese,mese_nome,periodo,kg_totali_storici,quota_globale_pct,storico_mese_kg,predizione_kg,adjustment_stagionale,variazione_pct,ricavo_lordo_stimato,ricavo_netto_stimato,metodo_globale
40000,1,2025,1,Gen,2025-01,483322.0,9.897987534069152,12.472833333333334,11.41006852911883,0.9290328187005764,-8.520636617297628,5.250031531803143,4.0000240242309655,SARIMA
40000,1,2025,2,Feb,2025-02,483322.0,9.897987534069152,15.006833333333335,12.890265161295927,1.1177765547605945,-14.104029311340883,5.9311036018232794,4.518936077579641,SARIMA
40000,1,2025,3,Mar,2025-03,483322.0,9.897987534069152,15.498,11.692471688305638,1.1543608608753584,-24.554963941762566,5.379971635723453,4.0990260081702505,SARIMA
40000,1,2025,4,Apr,2025-04,483322.0,9.897987534069152,12.9535,8.116932613318092,0.9648350375112243,-37.33791937840667,3.734784944778263,2.845550434116772,SARIMA
40000,1,2025,5,Mag,2025-05,483322.0,9.897987534069152,15.016166666666667,12.152451669044222,1.1184717434753642,-19.070879147734853,5.591618866124642,4.260281040856871,SARIMA
40000,1,2025,6,Giu,2025-06,483322.0,9.897987534069152,11.279333333333334,10.931359590136955,0.8401355617993802,-3.0850559418084345,5.029766682578353,3.832203186726365,SARIMA
40000,1,2025,7,Lug,2025-07,483322.0,9.897987534069152,13.811,15.397472968433403,1.0287055006807055,11.487024606714957,7.08472682596629,5.397887105498126,SARIMA
40000,1,2025,8,Ago,2025-08,483322.0,9.897987534069152,11.982833333333334,10.590509747680219,0.8925354111751587,-11.619318627924235,4.872933932981696,3.7127115679860543,SARIMA
40000,1,2025,9,Set,2025-09,483322.0,9.897987534069152,14.477166666666665,10.805708494153171,1.0783245951974045,-25.360336432175924,4.971951761113422,3.788153722753084,SARIMA
40000,1,2025,10,Ott,2025-10,483322.0,9.897987534069152,14.308,12.31323585175583,1.0657242997422007,-13.941600141488475,5.66559931829256,4.316647099651474,SARIMA
40000,1,2025,11,Nov,2025-11,483322.0,9.897987534069152,13.4435,11.876241757539109,1.0013324450366423,-11.658111670776893,5.464528416045602,4.163450221749031,SARIMA
40000,1,2025,12,Dic,2025-12,483322.0,9.897987534069152,10.858166666666666,8.1860794913697,0.8087651710453899,-24.609008659813348,3.7666009929615183,2.8697912327325854,SARIMA
40052,2,2025,1,Gen,2025-01,474247.5,9.712150167100733,14.22798,13.01566552621822,1.0800421299005267,-8.520636617297617,0.0,0.0,SARIMA
40052,2,2025,2,Feb,2025-02,474247.5,9.712150167100733,13.2756,11.403205484743632,1.0077472205968403,-14.10402931134087,0.0,0.0,SARIMA
40052,2,2025,3,Mar,2025-03,474247.5,9.712150167100733,15.511140000000001,11.702385166043692,1.177446459918081,-24.55496394176255,0.0,0.0,SARIMA
40052,2,2025,4,Apr,2025-04,474247.5,9.712150167100733,12.272160000000003,7.689990793210931,0.9315763604447048,-37.33791937840667,0.0,0.0,SARIMA
40052,2,2025,5,Mag,2025-05,474247.5,9.712150167100733,13.030660000000001,10.545598579247777,0.9891538911644238,-19.070879147734832,0.0,0.0,SARIMA
40052,2,2025,6,Giu,2025-06,474247.5,9.712150167100733,13.598980000000001,13.179443859484664,1.0322949093036866,-3.0850559418084122,0.0,0.0,SARIMA
40052,2,2025,7,Lug,2025-07,474247.5,9.712150167100733,12.335800000000003,13.75281638143515,0.936407255705091,11.487024606714979,0.0,0.0,SARIMA
40052,2,2025,8,Ago,2025-08,474247.5,9.712150167100733,10.76626,9.515293946289242,0.8172638970157987,-11.619318627924258,0.0,0.0,SARIMA
40052,2,2025,9,Set,2025-09,474247.5,9.712150167100733,15.247700000000002,11.380831981831113,1.1574488004681103,-25.360336432175924,0.0,0.0,SARIMA
40052,2,2025,10,Ott,2025-10,474247.5,9.712150167100733,13.530160000000002,11.643839194296387,1.0270708016383852,-13.941600141488465,0.0,0.0,SARIMA
40052,2,2025,11,Nov,2025-11,474247.5,9.712150167100733,13.239339999999999,11.695882958326164,1.004994733762434,-11.658111670776904,0.0,0.0,SARIMA
40052,2,2025,12,Dic,2025-12,474247.5,9.712150167100733,11.04672,8.32823171857467,0.8385535400819194,-24.609008659813313,0.0,0.0,SARIMA
40012,3,2025,1,Gen,2025-01,415173.5,8.502369284816043,10.740333333333334,9.825188558513512,0.931302214616299,-8.520636617297617,4.723648345439188,3.598970167953667,SARIMA
40012,3,2025,2,Feb,2025-02,415173.5,8.502369284816043,11.953666666666667,10.267718016220016,1.0365112416857047,-14.104029311340883,4.9364028924134695,3.761068870410262,SARIMA
40012,3,2025,3,Mar,2025-03,415173.5,8.502369284816043,13.546166666666666,10.219910326175606,1.1745980897143,-24.554963941762566,4.913418426045965,3.7435568960350203,SARIMA
40012,3,2025,4,Apr,2025-04,415173.5,8.502369284816043,10.928166666666666,6.847816607128754,0.9475893813068511,-37.33791937840667,3.292219522658055,2.508357731548994,SARIMA
40012,3,2025,5,Mag,2025-05,415173.5,8.502369284816043,12.933666666666666,10.467102727295801,1.1214877635494558,-19.070879147734832,5.03226092658452,3.8341035631120146,SARIMA
40012,3,2025,6,Giu,2025-06,415173.5,8.502369284816043,10.577,10.25069363303492,0.9171394609723404,-3.0850559418084456,4.928218092805251,3.754832832613524,SARIMA
40012,3,2025,7,Lug,2025-07,415173.5,8.502369284816043,12.552166666666666,13.99403714034254,1.0884076175382098,11.487024606714957,6.727902471318529,5.126020930528402,SARIMA
40012,3,2025,8,Ago,2025-08,415173.5,8.502369284816043,9.5935,8.478800667430086,0.8318594515305047,-11.619318627924269,4.076346474726003,3.1057877902674305,SARIMA
40012,3,2025,9,Set,2025-09,415173.5,8.502369284816043,12.101833333333333,9.03276768553879,1.0493588824912958,-25.360336432175924,4.342676771893649,3.3087061119189705,SARIMA
40012,3,2025,10,Ott,2025-10,415173.5,8.502369284816043,11.944333333333335,10.27910214043348,1.0357019414774786,-13.941600141488475,4.941876029054558,3.765238879279663,SARIMA
40012,3,2025,11,Nov,2025-11,415173.5,8.502369284816043,10.983,9.702589595198575,0.9523440200301801,-11.658111670776893,4.664706536153161,3.5540621227833604,SARIMA
40012,3,2025,12,Dic,2025-12,415173.5,8.502369284816043,10.537333333333335,7.944200060819935,0.9136999350873791,-24.609008659813348,3.819326952317277,2.9099633922417345,SARIMA
40056,4,2025,1,Gen,2025-01,301356.3,6.17149829867708,8.3125,7.6042220811871335,0.9930105990815523,-8.520636617297638,5.168354251397874,3.820087924946255,SARIMA
40056,4,2025,2,Feb,2025-02,301356.3,6.17149829867708,9.2897,7.979477989064367,1.10974683456095,-14.10402931134087,5.423404070581572,4.008603008690728,SARIMA
40056,4,2025,3,Mar,2025-03,301356.3,6.17149829867708,9.303,7.018651704497829,1.1113356515194805,-24.554963941762566,4.770360201047579,3.52591840946995,SARIMA
40056,4,2025,4,Apr,2025-04,301356.3,6.17149829867708,8.9481,5.607065636100793,1.0689393253102724,-37.33791937840667,3.8109488661441557,2.8167882923674195,SARIMA
40056,4,2025,5,Mag,2025-05,301356.3,6.17149829867708,8.1872,6.625828982416653,0.9780422708932915,-19.070879147734843,4.503370762280822,3.328578389511912,SARIMA
40056,4,2025,6,Giu,2025-06,301356.3,6.17149829867708,8.3153,8.058768343270804,0.9933450868622957,-3.0850559418084234,5.4772952687715275,4.048435633439825,SARIMA
40056,4,2025,7,Lug,2025-07,301356.3,6.17149829867708,8.2866,9.238483781060044,0.9899165871096772,11.487024606714979,6.2791113169143316,4.641082277719289,SARIMA
40056,4,2025,8,Ago,2025-08,301356.3,6.17149829867708,6.5576,5.795651561655239,0.7833703825007142,-11.619318627924258,3.9391248793756053,2.9115270847558827,SARIMA
40056,4,2025,9,Set,2025-09,301356.3,6.17149829867708,8.507100000000001,6.349670819378362,1.016257499843209,-25.360336432175934,4.315674611279619,3.189846451815371,SARIMA
40056,4,2025,10,Ott,2025-10,301356.3,6.17149829867708,8.092,6.963845716550754,0.9666696863480206,-13.941600141488465,4.733110268341233,3.4983858505130856,SARIMA
40056,4,2025,11,Nov,2025-11,301356.3,6.17149829867708,9.3751,8.282140372752995,1.1199487118736193,-11.658111670776893,5.629114319542519,4.160649714444471,SARIMA
40056,4,2025,12,Dic,2025-12,301356.3,6.17149829867708,7.277900000000002,5.486880958747446,0.869417364096918,-24.609008659813338,3.7292630629784647,2.756411829157996,SARIMA
40006,5,2025,1,Gen,2025-01,269192.0,5.512803183532186,6.599833333333333,6.037485517652719,0.8826190971499895,-8.520636617297617,3.21999227608145,2.414994207061088,SARIMA
40006,5,2025,2,Feb,2025-02,269192.0,5.512803183532186,7.582166666666667,6.5127756575652835,1.013990014562097,-14.10402931134086,3.4734803507014846,2.6051102630261136,SARIMA
40006,5,2025,3,Mar,2025-03,269192.0,5.512803183532186,8.961166666666665,6.76075542290542,1.1984085708342,-24.554963941762566,3.605736225549557,2.704302169162168,SARIMA
40006,5,2025,4,Apr,2025-04,269192.0,5.512803183532186,7.435166666666667,4.659030131016501,0.9943311836904515,-37.33791937840666,2.484816069875467,1.8636120524066007,SARIMA
40006,5,2025,5,Mag,2025-05,269192.0,5.512803183532186,8.157333333333334,6.6016581516554425,1.0909090909090908,-19.070879147734853,3.5208843475495692,2.640663260662177,SARIMA
40006,5,2025,6,Giu,2025-06,269192.0,5.512803183532186,8.138666666666667,7.887584247082684,1.0884127314333265,-3.0850559418084456,4.206711598444098,3.1550336988330736,SARIMA
40006,5,2025,7,Lug,2025-07,269192.0,5.512803183532186,6.143666666666667,6.849391168421212,0.8216143124609944,11.487024606714957,3.6530086231579797,2.739756467368485,SARIMA
40006,5,2025,8,Ago,2025-08,269192.0,5.512803183532186,7.504,6.632086330160563,1.003536509257333,-11.619318627924258,3.5371127094189667,2.6528345320642255,SARIMA
40006,5,2025,9,Set,2025-09,269192.0,5.512803183532186,7.393166666666667,5.5182347270085135,0.9887143748699813,-25.360336432175924,2.9430585210712072,2.2072938908034057,SARIMA
40006,5,2025,10,Ott,2025-10,269192.0,5.512803183532186,7.382666666666667,6.353404800221045,0.9873101726648638,-13.941600141488465,3.388482560117891,2.541361920088418,SARIMA
40006,5,2025,11,Nov,2025-11,269192.0,5.512803183532186,8.6835,7.671167873068088,1.161275223632203,-11.658111670776904,4.09128953230298,3.068467149227235,SARIMA
40006,5,2025,12,Dic,2025-12,269192.0,5.512803183532186,5.749333333333333,4.334479395451798,0.7688787185354691,-24.609008659813338,2.311722344240959,1.7337917581807194,SARIMA
40211,6,2025,1,Gen,2025-01,217357.0,4.451270325875232,4.265333333333333,3.9018997794835317,0.7064506779169752,-8.520636617297628,1.957474805760969,1.4681061043207266,SARIMA
40211,6,2025,2,Feb,2025-02,217357.0,4.451270325875232,6.610333333333333,5.6780099824226635,1.0948439663778944,-14.10402931134087,2.848499991181938,2.1363749933864535,SARIMA
40211,6,2025,3,Mar,2025-03,217357.0,4.451270325875232,5.804166666666667,4.378955634546865,0.9613216965637178,-24.55496394176255,2.196800485558628,1.647600364168971,SARIMA
40211,6,2025,4,Apr,2025-04,217357.0,4.451270325875232,7.051333333333333,4.4185121782306185,1.1678850922675599,-37.33791937840666,2.2166449054668655,1.662483679100149,SARIMA
40211,6,2025,5,Mag,2025-05,217357.0,4.451270325875232,6.820333333333333,5.519635805860658,1.1296254548967828,-19.070879147734832,2.7690480631407985,2.076786047355599,SARIMA
40211,6,2025,6,Giu,2025-06,217357.0,4.451270325875232,7.194833333333333,6.97286870008012,1.191652442755467,-3.0850559418084234,3.4980946655920335,2.623570999194025,SARIMA
40211,6,2025,7,Lug,2025-07,217357.0,4.451270325875232,5.544,6.1808406441962775,0.9182312968986506,11.487024606714979,3.1007561760181996,2.3255671320136493,SARIMA
40211,6,2025,8,Ago,2025-08,217357.0,4.451270325875232,6.475,5.722649118841905,1.0724292293323887,-11.619318627924248,2.8708942067768755,2.1531706550826564,SARIMA
40211,6,2025,9,Set,2025-09,217357.0,4.451270325875232,5.573166666666667,4.1597928500741155,0.9230620591929407,-25.360336432175934,2.0868526003716297,1.5651394502787224,SARIMA
40211,6,2025,10,Ott,2025-10,217357.0,4.451270325875232,6.199666666666667,5.335333929894855,1.0268268332742907,-13.941600141488452,2.676588928040897,2.0074416960306727,SARIMA
40211,6,2025,11,Nov,2025-11,217357.0,4.451270325875232,5.955833333333333,5.2614956324079785,0.9864416604940259,-11.658111670776904,2.639546303883601,1.9796597279127008,SARIMA
40211,6,2025,12,Dic,2025-12,217357.0,4.451270325875232,4.958333333333333,3.7381366539509218,0.8212295900293066,-24.609008659813338,1.8753193916141748,1.406489543710631,SARIMA
40054,7,2025,1,Gen,2025-01,196026.6,4.014443462424554,6.060599999999999,5.54419829717206,1.1130203758061405,-8.520636617297617,4.158148722879045,3.1681133126697483,SARIMA
40054,7,2025,2,Feb,2025-02,196026.6,4.014443462424554,6.115900000000001,5.253311671347704,1.1231761403809484,-14.104029311340883,3.939983753510778,3.001892383627259,SARIMA
40054,7,2025,3,Mar,2025-03,196026.6,4.014443462424554,5.978700000000001,4.510632370813843,1.0979795599168685,-24.55496394176255,3.382974278110382,2.577504211893624,SARIMA
40054,7,2025,4,Apr,2025-04,196026.6,4.014443462424554,5.8373,3.657773632124268,1.072011655561031,-37.33791937840666,2.743330224093201,2.0901563612138676,SARIMA
40054,7,2025,5,Mag,2025-05,196026.6,4.014443462424554,6.063400000000001,4.907056313756246,1.113534591733979,-19.070879147734843,3.680292235317184,2.8040321792892833,SARIMA
40054,7,2025,6,Giu,2025-06,196026.6,4.014443462424554,4.8902,4.739334594333683,0.898078117969704,-3.0850559418084567,3.554500945750262,2.7081911967621046,SARIMA
40054,7,2025,7,Lug,2025-07,196026.6,4.014443462424554,4.9392000000000005,5.506567119374867,0.9070768967068756,11.487024606714979,4.12992533953115,3.1466097824999237,SARIMA
40054,7,2025,8,Ago,2025-08,196026.6,4.014443462424554,4.1468,3.6649700951372375,0.7615537891286183,-11.619318627924235,2.7487275713529282,2.094268625792707,SARIMA
40054,7,2025,9,Set,2025-09,196026.6,4.014443462424554,5.822600000000001,4.345969050900125,1.0693120219398797,-25.360336432175934,3.259476788175094,2.483410886228643,SARIMA
40054,7,2025,10,Ott,2025-10,196026.6,4.014443462424554,5.2626,4.528909350954029,0.9664688363722067,-13.941600141488442,3.3966820132155218,2.5879482005451595,SARIMA
40054,7,2025,11,Nov,2025-11,196026.6,4.014443462424554,5.3403,4.717721862445501,0.9807383283697213,-11.658111670776904,3.5382913968341256,2.6958410642545716,SARIMA
40054,7,2025,12,Dic,2025-12,196026.6,4.014443462424554,4.8846,3.6825483630027565,0.8970496861140272,-24.60900865981336,2.7619112722520676,2.1043133502872893,SARIMA
40002,8,2025,1,Gen,2025-01,133565.0,2.7352876653410076,3.6516666666666664,3.340521419525015,0.9842398832029349,-8.520636617297617,0.0,0.0,SARIMA
40002,8,2025,2,Feb,2025-02,133565.0,2.7352876653410076,3.1533333333333333,2.708586275715718,0.8499232583386367,-14.10402931134086,0.0,0.0,SARIMA
40002,8,2025,3,Mar,2025-03,133565.0,2.7352876653410076,4.15,3.130968996416854,1.1185565080672333,-24.55496394176255,0.0,0.0,SARIMA
40002,8,2025,4,Apr,2025-04,133565.0,2.7352876653410076,4.396666666666667,2.755042811329387,1.1850409912776552,-37.33791937840667,0.0,0.0,SARIMA
40002,8,2025,5,Mag,2025-05,133565.0,2.7352876653410076,3.2966666666666664,2.667963350763008,0.8885561337176655,-19.070879147734843,0.0,0.0,SARIMA
40002,8,2025,6,Giu,2025-06,133565.0,2.7352876653410076,4.348333333333333,4.214184817463696,1.1720136263242615,-3.0850559418084234,0.0,0.0,SARIMA
40002,8,2025,7,Lug,2025-07,133565.0,2.7352876653410076,3.295,3.673497460791259,0.8881069142365141,11.487024606715002,0.0,0.0,SARIMA
40002,8,2025,8,Ago,2025-08,133565.0,2.7352876653410076,2.55,2.2537073749879317,0.6873058061617939,-11.619318627924235,0.0,0.0,SARIMA
40002,8,2025,9,Set,2025-09,133565.0,2.7352876653410076,3.7,2.761667552009491,0.9972672481563284,-25.360336432175924,0.0,0.0,SARIMA
40002,8,2025,10,Ott,2025-10,133565.0,2.7352876653410076,4.8133333333333335,4.142277646523022,1.2973458615655298,-13.941600141488475,0.0,0.0,SARIMA
40002,8,2025,11,Nov,2025-11,133565.0,2.7352876653410076,3.6616666666666666,3.2347854776550524,0.9869352000898439,-11.658111670776904,0.0,0.0,SARIMA
40002,8,2025,12,Dic,2025-12,133565.0,2.7352876653410076,3.505,2.6424542464735428,0.944708568861603,-24.609008659813327,0.0,0.0,SARIMA
40004,9,2025,1,Gen,2025-01,133446.0,2.732850655404455,5.022,4.594093629079312,1.3547951980576411,-8.52063661729765,0.0,0.0,SARIMA
40004,9,2025,2,Feb,2025-02,133446.0,2.732850655404455,3.608,3.0991266224468212,0.9733375297873297,-14.104029311340883,0.0,0.0,SARIMA
40004,9,2025,3,Mar,2025-03,133446.0,2.732850655404455,4.308,3.2501721533888683,1.1621779596241175,-24.554963941762576,0.0,0.0,SARIMA
40004,9,2025,4,Apr,2025-04,133446.0,2.732850655404455,3.43,2.1493093653206516,0.9253181062002608,-37.33791937840666,0.0,0.0,SARIMA
40004,9,2025,5,Mag,2025-05,133446.0,2.732850655404455,3.882,3.1416684714849334,1.047255069466301,-19.070879147734843,0.0,0.0,SARIMA
40004,9,2025,6,Giu,2025-06,133446.0,2.732850655404455,3.86,3.740916840646194,1.0413200845285733,-3.0850559418084456,0.0,0.0,SARIMA
40004,9,2025,7,Lug,2025-07,133446.0,2.732850655404455,3.392,3.7816398746597715,0.9150667685805494,11.487024606714957,0.0,0.0,SARIMA
40004,9,2025,8,Ago,2025-08,133446.0,2.732850655404455,2.62,2.315573851948385,0.7068027516748348,-11.619318627924248,0.0,0.0,SARIMA
40004,9,2025,9,Set,2025-09,133446.0,2.732850655404455,4.1,3.0602262062807863,1.1060653747583291,-25.360336432175934,0.0,0.0,SARIMA
40004,9,2025,10,Ott,2025-10,133446.0,2.732850655404455,3.736,3.215141818713991,1.0078683512431994,-13.941600141488475,0.0,0.0,SARIMA
40004,9,2025,11,Nov,2025-11,133446.0,2.732850655404455,3.596,3.176774304318863,0.9701002652758419,-11.658111670776893,0.0,0.0,SARIMA
40004,9,2025,12,Dic,2025-12,133446.0,2.732850655404455,2.928,2.207448226440665,0.7898925408030214,-24.609008659813348,0.0,0.0,SARIMA
40042,10,2025,1,Gen,2025-01,128255.0,2.6265437765755317,3.5066666666666664,3.207876342620097,0.9842891115356127,-8.520636617297605,0.0,0.0,SARIMA
40042,10,2025,2,Feb,2025-02,128255.0,2.6265437765755317,3.63,3.118023735998327,1.0189076449261238,-14.104029311340849,0.0,0.0,SARIMA
40042,10,2025,3,Mar,2025-03,128255.0,2.6265437765755317,3.7608333333333337,2.8373620644235467,1.055631359401193,-24.554963941762566,0.0,0.0,SARIMA
40042,10,2025,4,Apr,2025-04,128255.0,2.6265437765755317,2.96,1.8547975863991628,0.8308448013722662,-37.33791937840666,0.0,0.0,SARIMA
40042,10,2025,5,Mag,2025-05,128255.0,2.6265437765755317,4.1325,3.344395919219858,1.1599547775915169,-19.070879147734843,0.0,0.0,SARIMA
40042,10,2025,6,Giu,2025-06,128255.0,2.6265437765755317,3.1358333333333337,3.0390911207581244,0.8801996023546841,-3.0850559418084234,0.0,0.0,SARIMA
40042,10,2025,7,Lug,2025-07,128255.0,2.6265437765755317,2.3716666666666666,2.644100600255924,0.6657050407391525,11.487024606715002,0.0,0.0,SARIMA
40042,10,2025,8,Ago,2025-08,128255.0,2.6265437765755317,2.8558333333333334,2.524004958850864,0.8016061751978482,-11.619318627924224,0.0,0.0,SARIMA
40042,10,2025,9,Set,2025-09,128255.0,2.6265437765755317,3.7175,2.77472949313386,1.043468090912635,-25.360336432175913,0.0,0.0,SARIMA
40042,10,2025,10,Ott,2025-10,128255.0,2.6265437765755317,4.34,3.7349345538594014,1.218198120930958,-13.941600141488442,0.0,0.0,SARIMA
40042,10,2025,11,Nov,2025-11,128255.0,2.6265437765755317,5.213333333333333,4.605557111563498,1.4633347627772797,-11.658111670776883,0.0,0.0,SARIMA
40042,10,2025,12,Dic,2025-12,128255.0,2.6265437765755317,3.1275,2.357853254164338,0.8778605122607306,-24.609008659813338,0.0,0.0,SARIMA
40016,11,2025,1,Gen,2025-01,118992.0,2.4368461039513134,3.59,3.2841091454390154,1.0861234368697055,-8.520636617297617,0.0,0.0,SARIMA
40016,11,2025,2,Feb,2025-02,118992.0,2.4368461039513134,3.858,3.3138665491684693,1.1672045179507866,-14.10402931134087,0.0,0.0,SARIMA
40016,11,2025,3,Mar,2025-03,118992.0,2.4368461039513134,3.854,2.9076516896844704,1.1659943525615166,-24.554963941762576,0.0,0.0,SARIMA
40016,11,2025,4,Apr,2025-04,118992.0,2.4368461039513134,2.996,1.8773559354229366,0.9064138765631302,-37.33791937840666,0.0,0.0,SARIMA
40016,11,2025,5,Mag,2025-05,118992.0,2.4368461039513134,3.462,2.80176616390542,1.0473981444130698,-19.070879147734832,0.0,0.0,SARIMA
40016,11,2025,6,Giu,2025-06,118992.0,2.4368461039513134,3.072,2.9772270814676447,0.9294070189592577,-3.0850559418084456,0.0,0.0,SARIMA
40016,11,2025,7,Lug,2025-07,118992.0,2.4368461039513134,3.1,3.4560977628081644,0.9378781766841467,11.487024606714979,0.0,0.0,SARIMA
40016,11,2025,8,Ago,2025-08,118992.0,2.4368461039513134,2.13,1.8825085132252133,0.644413069786204,-11.619318627924258,0.0,0.0,SARIMA
40016,11,2025,9,Set,2025-09,118992.0,2.4368461039513134,3.754,2.8019729703361156,1.13574021782977,-25.360336432175934,0.0,0.0,SARIMA
40016,11,2025,10,Ott,2025-10,118992.0,2.4368461039513134,3.296,2.8364848593365406,0.9971762807583703,-13.941600141488452,0.0,0.0,SARIMA
40016,11,2025,11,Nov,2025-11,118992.0,2.4368461039513134,3.594,3.1750074665522785,1.0873336022589752,-11.658111670776893,0.0,0.0,SARIMA
40016,11,2025,12,Dic,2025-12,118992.0,2.4368461039513134,2.958,2.2300655238427214,0.8949173053650665,-24.609008659813348,0.0,0.0,SARIMA
40040,12,2025,1,Gen,2025-01,114763.75,2.3502554546721,2.6525,2.4264901137261803,0.8320571609066452,-8.520636617297628,0.0,0.0,SARIMA
40040,12,2025,2,Feb,2025-02,114763.75,2.3502554546721,3.1683333333333334,2.7214706713190173,0.9938678371872652,-14.10402931134086,0.0,0.0,SARIMA
40040,12,2025,3,Mar,2025-03,114763.75,2.3502554546721,3.8191666666666664,2.8813716687908517,1.1980263802812299,-24.55496394176255,0.0,0.0,SARIMA
40040,12,2025,4,Apr,2025-04,114763.75,2.3502554546721,2.6,1.6292140961614268,0.8155885460347889,-37.33791937840667,0.0,0.0,SARIMA
40040,12,2025,5,Mag,2025-05,114763.75,2.3502554546721,2.8691666666666666,2.3219913591195747,0.9000228730762109,-19.070879147734832,0.0,0.0,SARIMA
40040,12,2025,6,Giu,2025-06,114763.75,2.3502554546721,3.2816666666666667,3.1804254141763195,1.0294191327836533,-3.0850559418084456,0.0,0.0,SARIMA
40040,12,2025,7,Lug,2025-07,114763.75,2.3502554546721,2.63,2.932108747156604,0.8249991831044211,11.487024606714979,0.0,0.0,SARIMA
40040,12,2025,8,Ago,2025-08,114763.75,2.3502554546721,2.5383333333333336,2.2433962954945232,0.7962444587249895,-11.619318627924235,0.0,0.0,SARIMA
40040,12,2025,9,Set,2025-09,114763.75,2.3502554546721,4.04,3.015442408140093,1.2672991253771335,-25.360336432175913,0.0,0.0,SARIMA
40040,12,2025,10,Ott,2025-10,114763.75,2.3502554546721,4.179583333333333,3.596882537419705,1.3110847284094498,-13.941600141488465,0.0,0.0,SARIMA
40040,12,2025,11,Nov,2025-11,114763.75,2.3502554546721,4.033333333333333,3.5631228292786656,1.2652078726949931,-11.658111670776883,0.0,0.0,SARIMA
40040,12,2025,12,Dic,2025-12,114763.75,2.3502554546721,2.4425,1.8414249634840592,0.76618270141922,-24.609008659813338,0.0,0.0,SARIMA
40014,13,2025,1,Gen,2025-01,111205.0,2.2773755461703793,3.9433333333333334,3.60733622939123,1.2765613056966862,-8.520636617297628,0.0,0.0,SARIMA
40014,13,2025,2,Feb,2025-02,111205.0,2.2773755461703793,2.63,2.259064029111735,0.8514005665212895,-14.10402931134086,0.0,0.0,SARIMA
40014,13,2025,3,Mar,2025-03,111205.0,2.2773755461703793,3.1733333333333333,2.394122477581402,1.0272919383121264,-24.55496394176254,0.0,0.0,SARIMA
40014,13,2025,4,Apr,2025-04,111205.0,2.2773755461703793,3.1066666666666665,1.9467019713108324,1.0057101749022075,-37.33791937840668,0.0,0.0,SARIMA
40014,13,2025,5,Mag,2025-05,111205.0,2.2773755461703793,4.238333333333333,3.4300459054551706,1.372060608785576,-19.070879147734864,0.0,0.0,SARIMA
40014,13,2025,6,Giu,2025-06,111205.0,2.2773755461703793,3.47,3.3629485588192476,1.1233307854862642,-3.0850559418084345,0.0,0.0,SARIMA
40014,13,2025,7,Lug,2025-07,111205.0,2.2773755461703793,2.9033333333333333,3.2368399477482916,0.9398857965019559,11.487024606714979,0.0,0.0,SARIMA
40014,13,2025,8,Ago,2025-08,111205.0,2.2773755461703793,2.37,2.0946221485181953,0.7672316892226069,-11.619318627924258,0.0,0.0,SARIMA
40014,13,2025,9,Set,2025-09,111205.0,2.2773755461703793,2.23,1.664464497562477,0.7219099860617778,-25.360336432175924,0.0,0.0,SARIMA
40014,13,2025,10,Ott,2025-10,111205.0,2.2773755461703793,2.91,2.504299435882686,0.9420439728429477,-13.941600141488452,0.0,0.0,SARIMA
40014,13,2025,11,Nov,2025-11,111205.0,2.2773755461703793,2.9383333333333335,2.595779152073672,0.9512162222921632,-11.658111670776904,0.0,0.0,SARIMA
40014,13,2025,12,Dic,2025-12,111205.0,2.2773755461703793,3.155,2.3785857767828893,1.0213569533743987,-24.609008659813327,0.0,0.0,SARIMA
50103,14,2025,1,Gen,2025-01,89237.4,1.8274994160678442,2.4724,2.2617357802739337,0.9974113992563657,-8.520636617297617,2.6815346536363074,2.2192010926645303,SARIMA
50103,14,2025,2,Feb,2025-02,89237.4,1.8274994160678442,2.1546,1.8507145844578496,0.869205064244364,-14.10402931134086,2.1942241598232886,1.8159096495089286,SARIMA
50103,14,2025,3,Mar,2025-03,89237.4,1.8274994160678442,3.0114,2.2719518158577623,1.2148538617216549,-24.554963941762566,2.6936468789809935,2.2292250032946157,SARIMA
50103,14,2025,4,Apr,2025-04,89237.4,1.8274994160678442,2.4682000000000004,1.546625473902167,0.9957170424059869,-37.33791937840666,1.833693325558579,1.5175393039105483,SARIMA
50103,14,2025,5,Mag,2025-05,89237.4,1.8274994160678442,2.2161999999999993,1.7935511763278997,0.8940556313832538,-19.070879147734843,2.1264506996528656,1.7598212686782335,SARIMA
50103,14,2025,6,Giu,2025-06,89237.4,1.8274994160678442,2.128,2.0623500095583163,0.8584741375252977,-3.0850559418084567,2.445141057939132,2.023565013466868,SARIMA
50103,14,2025,7,Lug,2025-07,89237.4,1.8274994160678442,2.0061999999999998,2.2366526876599155,0.8093377888643101,11.487024606714979,2.6517959093269643,2.194589718063695,SARIMA
50103,14,2025,8,Ago,2025-08,89237.4,1.8274994160678442,1.3776000000000004,1.217532266581716,0.5557490469242719,-11.619318627924235,1.443517405186826,1.1946350939477182,SARIMA
50103,14,2025,9,Set,2025-09,89237.4,1.8274994160678442,2.6012,1.9415269287262398,1.0493716760013179,-25.360336432175924,2.3018921068299654,1.9050141573765231,SARIMA
50103,14,2025,10,Ott,2025-10,89237.4,1.8274994160678442,3.4467999999999996,2.966260926323176,1.390502188544265,-13.941600141488442,3.5168261186987775,2.9104767878886437,SARIMA
50103,14,2025,11,Nov,2025-11,89237.4,1.8274994160678442,3.7436000000000003,3.3071669314927967,1.5102367393043725,-11.658111670776883,3.9210074003798487,3.244971641693668,SARIMA
50103,14,2025,12,Dic,2025-12,89237.4,1.8274994160678442,2.1195999999999997,1.5979874524465962,0.8550854238245399,-24.609008659813338,1.8945885576840265,1.5679353580833324,SARIMA
50105,15,2025,1,Gen,2025-01,77120.4,1.5793544631165695,1.8185999999999998,1.6636437024778252,0.8489271321206839,-8.520636617297628,2.0477787509277134,1.5534873282899897,SARIMA
50105,15,2025,2,Feb,2025-02,77120.4,1.5793544631165695,1.9922,1.711219528059467,0.9299640562030281,-14.10402931134087,2.1063398265587665,1.597912971872168,SARIMA
50105,15,2025,3,Mar,2025-03,77120.4,1.5793544631165695,2.7537999999999996,2.077605402971743,1.2854808844352468,-24.55496394176254,2.5573241377835543,1.9400390010771793,SARIMA
50105,15,2025,4,Apr,2025-04,77120.4,1.5793544631165695,1.575,0.986927769790095,0.7352140289728788,-37.33791937840667,1.2148092242747348,0.9215794115187644,SARIMA
50105,15,2025,5,Mag,2025-05,77120.4,1.5793544631165695,2.149,1.7391668071151785,1.0031586973096613,-19.070879147734832,2.1407401276035727,1.6240097519751242,SARIMA
50105,15,2025,6,Giu,2025-06,77120.4,1.5793544631165695,1.8703999999999998,1.812697113664415,0.8731075046291253,-3.0850559418084234,2.231248569451105,1.6926713285491142,SARIMA
50105,15,2025,7,Lug,2025-07,77120.4,1.5793544631165695,1.6618,1.8526913749143898,0.7757324910140508,11.487024606715002,2.280477498833502,1.730017412908174,SARIMA
50105,15,2025,8,Ago,2025-08,77120.4,1.5793544631165695,1.6744000000000003,1.4798461288940368,0.781614203245834,-11.619318627924248,1.8215423488084492,1.3818597128891685,SARIMA
50105,15,2025,9,Set,2025-09,77120.4,1.5793544631165695,2.9637999999999995,2.21217034882317,1.3835094216316306,-25.360336432175913,2.7229601067857354,2.0656938741133164,SARIMA
50105,15,2025,10,Ott,2025-10,77120.4,1.5793544631165695,2.6656,2.2939727066284834,1.2443088988127655,-13.941600141488465,2.82365061511995,2.1420797769875484,SARIMA
50105,15,2025,11,Nov,2025-11,77120.4,1.5793544631165695,2.632,2.325158500825152,1.2286243328613442,-11.658111670776904,2.8620372039019273,2.1712006374428414,SARIMA
50105,15,2025,12,Dic,2025-12,77120.4,1.5793544631165695,1.9501999999999997,1.4702751131163203,0.9103583487637512,-24.609008659813327,1.8097613871126184,1.372922431602676,SARIMA
50104,16,2025,1,Gen,2025-01,75373.2,1.5435734231069578,1.9123999999999999,1.7494513453308003,0.9134068873286526,-8.520636617297617,2.3336747476813806,1.9313170325639009,SARIMA
50104,16,2025,2,Feb,2025-02,75373.2,1.5435734231069578,1.9614000000000003,1.6847635690873606,0.9368104312938819,-14.10402931134086,2.247384705774308,1.8599045840890824,SARIMA
50104,16,2025,3,Mar,2025-03,75373.2,1.5435734231069578,2.5256,1.905439830686845,1.2062855232363758,-24.55496394176255,2.541755063933694,2.103521432220988,SARIMA
50104,16,2025,4,Apr,2025-04,75373.2,1.5435734231069578,1.9627999999999999,1.2299313184406342,0.9374791039786026,-37.337919378406646,1.6406627522897146,1.3577898639639017,SARIMA
50104,16,2025,5,Mag,2025-05,75373.2,1.5435734231069578,2.4346,1.9703003762692477,1.162821798729522,-19.070879147734843,2.62827557092034,2.175124610416833,SARIMA
50104,16,2025,6,Giu,2025-06,75373.2,1.5435734231069578,1.7304,1.6770161919829467,0.8264794383149449,-3.0850559418084345,2.237050118100527,1.851351821876298,SARIMA
50104,16,2025,7,Lug,2025-07,75373.2,1.5435734231069578,1.6295999999999997,1.816792552991027,0.778335005015045,11.487024606714979,2.4235043255170092,2.0056587521520077,SARIMA
50104,16,2025,8,Ago,2025-08,75373.2,1.5435734231069578,1.2796,1.1309191988370815,0.6111668338348379,-11.619318627924235,1.508585867813954,1.248484856121893,SARIMA
50104,16,2025,9,Set,2025-09,75373.2,1.5435734231069578,2.2133999999999996,1.652074313410218,1.057171514543631,-25.360336432175913,2.2037789829299137,1.823817089321308,SARIMA
50104,16,2025,10,Ott,2025-10,75373.2,1.5435734231069578,2.5424,2.1879487580027974,1.2143095954530259,-13.941600141488465,2.918606898899776,2.415398812882573,SARIMA
50104,16,2025,11,Nov,2025-11,75373.2,1.5435734231069578,3.1122,2.7493762485820823,1.4864593781344035,-11.658111670776872,3.6675212147599074,3.0351899708357855,SARIMA
50104,16,2025,12,Dic,2025-12,75373.2,1.5435734231069578,1.82,1.3721160423913974,0.869274490137078,-24.609008659813338,1.8303295873666294,1.5147555205792795,SARIMA
40233,17,2025,1,Gen,2025-01,68491.5,1.4026425720114073,1.8806666666666667,1.720421894017356,0.9885022229035719,-8.520636617297628,1.4262564924496215,1.069692369337216,SARIMA
40233,17,2025,2,Feb,2025-02,68491.5,1.4026425720114073,1.6998333333333333,1.460088341756057,0.8934539322397669,-14.104029311340893,1.2104359309894774,0.907826948242108,SARIMA
40233,17,2025,3,Mar,2025-03,68491.5,1.4026425720114073,2.1256666666666666,1.6037099831446004,1.1172773263835658,-24.554963941762566,1.3295005041613268,0.9971253781209951,SARIMA
40233,17,2025,4,Apr,2025-04,68491.5,1.4026425720114073,1.8095,1.1338703488477313,0.9510961214165261,-37.33791937840667,0.9399961441224716,0.7049971080918537,SARIMA
40233,17,2025,5,Mag,2025-05,68491.5,1.4026425720114073,2.4465,1.979930941650667,1.28591139046451,-19.070879147734843,1.6413935267570297,1.2310451450677722,SARIMA
40233,17,2025,6,Giu,2025-06,68491.5,1.4026425720114073,1.6251666666666666,1.5750293658523764,0.8542081864172927,-3.0850559418084456,1.305723826613369,0.9792928699600267,SARIMA
40233,17,2025,7,Lug,2025-07,68491.5,1.4026425720114073,1.6228333333333333,1.8092485976593062,0.8529817568603403,11.487024606714979,1.4998952104947618,1.1249214078710712,SARIMA
40233,17,2025,8,Ago,2025-08,68491.5,1.4026425720114073,2.2505,1.9890072342785647,1.182891307680515,-11.619318627924258,1.6489179144278259,1.2366884358208692,SARIMA
40233,17,2025,9,Set,2025-09,68491.5,1.4026425720114073,1.7745,1.3244808300110382,0.9326996780622413,-25.360336432175924,1.0980151958640731,0.8235113968980549,SARIMA
40233,17,2025,10,Ott,2025-10,68491.5,1.4026425720114073,2.1688333333333336,1.8664632622646846,1.1399662731871838,-13.941600141488465,1.5473270567997386,1.160495292599804,SARIMA
40233,17,2025,11,Nov,2025-11,68491.5,1.4026425720114073,1.6391666666666667,1.4480707861965154,0.8615667637590066,-11.658111670776893,1.2004731906292356,0.9003548929719266,SARIMA
40233,17,2025,12,Dic,2025-12,68491.5,1.4026425720114073,1.7873333333333332,1.3474883185536028,0.939445040625479,-24.609008659813338,1.117088761495215,0.8378165711214111,SARIMA
40288,18,2025,1,Gen,2025-01,66678.5,1.3655140088604076,1.4863333333333333,1.3596882710782328,0.8024775602330585,-8.520636617297638,1.451624488695622,1.0887183665217166,SARIMA
40288,18,2025,2,Feb,2025-02,66678.5,1.3655140088604076,2.013666666666667,1.7296585297672993,1.0871870243031863,-14.104029311340883,1.8466105300006752,1.3849578975005066,SARIMA
40288,18,2025,3,Mar,2025-03,66678.5,1.3655140088604076,2.2493333333333334,1.6970103444032876,1.2144244396619601,-24.55496394176255,1.811754816088919,1.3588161120666893,SARIMA
40288,18,2025,4,Apr,2025-04,66678.5,1.3655140088604076,1.9296666666666666,1.2091692823946794,1.0418350742743163,-37.33791937840667,1.2909280594960988,0.9681960446220742,SARIMA
40288,18,2025,5,Mag,2025-05,66678.5,1.3655140088604076,2.086,1.6881814609782508,1.1262400923836018,-19.070879147734853,1.8023289618984883,1.3517467214238663,SARIMA
40288,18,2025,6,Giu,2025-06,66678.5,1.3655140088604076,1.7756666666666667,1.7208863566599546,0.9586898325547215,-3.0850559418084567,1.8372452206334033,1.3779339154750525,SARIMA
40288,18,2025,7,Lug,2025-07,66678.5,1.3655140088604076,1.2845,1.4320508310732536,0.6935069025248018,11.487024606714957,1.5288798908255374,1.1466599181191532,SARIMA
40288,18,2025,8,Ago,2025-08,66678.5,1.3655140088604076,1.302,1.1507164714644262,0.702955225447483,-11.619318627924258,1.2285229232716293,0.9213921924537221,SARIMA
40288,18,2025,9,Set,2025-09,66678.5,1.3655140088604076,2.1455,1.6013939818476655,1.158364390320718,-25.360336432175934,1.709673290228824,1.2822549676716182,SARIMA
40288,18,2025,10,Ott,2025-10,66678.5,1.3655140088604076,1.7791666666666668,1.5311223641493512,0.9605794971392577,-13.941600141488465,1.634650210835606,1.2259876581267046,SARIMA
40288,18,2025,11,Nov,2025-11,66678.5,1.3655140088604076,2.3228333333333335,2.0520348294073036,1.254107395937221,-11.658111670776917,2.1907845153814627,1.6430883865360972,SARIMA
40288,18,2025,12,Dic,2025-12,66678.5,1.3655140088604076,1.8515,1.3958642046635559,0.9996325652196735,-24.609008659813348,1.4902464818472125,1.1176848613854096,SARIMA
40034,19,2025,1,Gen,2025-01,49692.5,1.0176564392614682,1.4425,1.3195898167954818,1.0450269155305127,-8.520636617297617,1.170079640508309,1.0400707915629412,SARIMA
40034,19,2025,2,Feb,2025-02,49692.5,1.0176564392614682,1.2925,1.1102054211509194,0.9363586054233537,-14.10402931134086,0.9844186000352979,0.8750387555869314,SARIMA
40034,19,2025,3,Mar,2025-03,49692.5,1.0176564392614682,1.4358333333333333,1.0832649760695259,1.0401972128590833,-24.554963941762566,0.9605305206527814,0.8538049072469168,SARIMA
40034,19,2025,4,Apr,2025-04,49692.5,1.0176564392614682,0.9833333333333334,0.6161771261123344,0.7123811440358203,-37.33791937840667,0.5463639541882768,0.48565684816735716,SARIMA
40034,19,2025,5,Mag,2025-05,49692.5,1.0176564392614682,1.4675,1.1876348485069912,1.0631383005483726,-19.070879147734843,1.0530752351293517,0.9360668756705348,SARIMA
40034,19,2025,6,Giu,2025-06,49692.5,1.0176564392614682,1.6108333333333333,1.5611382238707021,1.1669769079841021,-3.0850559418084567,1.3842604940725436,1.2304537725089277,SARIMA
40034,19,2025,7,Lug,2025-07,49692.5,1.0176564392614682,0.9,1.0033832214604348,0.6520098606429542,11.487024606714979,0.8896994081915185,0.7908439183924608,SARIMA
40034,19,2025,8,Ago,2025-08,49692.5,1.0176564392614682,0.7975,0.7048359339423041,0.5777531820697288,-11.619318627924248,0.6249776754168214,0.555535711481619,SARIMA
40034,19,2025,9,Set,2025-09,49692.5,1.0176564392614682,1.65,1.2315544488690973,1.1953514111787493,-25.360336432175924,1.0920187231351601,0.9706833094534756,SARIMA
40034,19,2025,10,Ott,2025-10,49692.5,1.0176564392614682,2.0258333333333334,1.7433997504670131,1.4676258992805755,-13.941600141488452,1.5458716999214894,1.3741081777079904,SARIMA
40034,19,2025,11,Nov,2025-11,49692.5,1.0176564392614682,1.8583333333333332,1.6416867581180628,1.3462796196609146,-11.658111670776883,1.4556828397105974,1.2939403019649753,SARIMA
40034,19,2025,12,Dic,2025-12,49692.5,1.0176564392614682,1.1,0.8293009047420534,0.796900940785833,-24.609008659813338,0.7353407037121655,0.6536361810774804,SARIMA
40136,20,2025,1,Gen,2025-01,45241.68,0.9265077622378987,1.08064,0.9885625924588349,0.8598937970473246,-8.520636617297628,1.5903516609698118,1.208667262337057,SARIMA
40136,20,2025,2,Feb,2025-02,45241.68,0.9265077622378987,1.4484800000000002,1.24418595623109,1.1525938028826517,-14.10402931134087,2.0015861586729247,1.5212054805914228,SARIMA
40136,20,2025,3,Mar,2025-03,45241.68,0.9265077622378987,1.4871999999999999,1.1220185762581067,1.1834043298126857,-24.554963941762587,1.805049189604419,1.3718373840993583,SARIMA
40136,20,2025,4,Apr,2025-04,45241.68,0.9265077622378987,1.3701599999999998,0.8585707638448232,1.0902725097741728,-37.33791937840666,1.381227097562457,1.0497325941474673,SARIMA
40136,20,2025,5,Mag,2025-05,45241.68,0.9265077622378987,1.21792,0.9856519486839076,0.9691311197992646,-19.070879147734853,1.5856691581143947,1.2051085601669398,SARIMA
40136,20,2025,6,Giu,2025-06,45241.68,0.9265077622378987,1.1299199999999998,1.095061335902318,0.8991071949582773,-3.0850559418084234,1.76168168581454,1.3388780812190504,SARIMA
40136,20,2025,7,Lug,2025-07,45241.68,0.9265077622378987,1.4282399999999997,1.5923022802429454,1.1364883001692243,11.487024606714957,2.561618854959694,1.946830329769367,SARIMA
40136,20,2025,8,Ago,2025-08,45241.68,0.9265077622378987,0.9565599999999999,0.8454142457327275,0.7611600630215322,-11.619318627924269,1.3600615278840533,1.0336467611918805,SARIMA
40136,20,2025,9,Set,2025-09,45241.68,0.9265077622378987,1.33672,0.9977233108438177,1.0636634183345974,-25.360336432175945,1.6050889814089733,1.2198676258708196,SARIMA
40136,20,2025,10,Ott,2025-10,45241.68,0.9265077622378987,1.21176,1.0428212661254994,0.9642294450603957,-13.941600141488465,1.677640389519787,1.275006696035038,SARIMA
40136,20,2025,11,Nov,2025-11,45241.68,0.9265077622378987,1.2531199999999998,1.1070298710311604,0.9971406897356596,-11.658111670776893,1.7809360859574654,1.3535114253276737,SARIMA
40136,20,2025,12,Dic,2025-12,45241.68,0.9265077622378987,1.15984,0.8744148739600208,0.9229153294042131,-24.609008659813348,1.4067163351995189,1.0691044147516342,SARIMA
